county,fips,acp_type
Autauga AL,01001,1
Elmore AL,01051,1
Limestone AL,01083,1
St. Clair AL,01115,1
Shelby AL,01117,1
Benton AR,05007,1
Lonoke AR,05085,1
Saline AR,05125,1
El Dorado CA,06017,1
Nevada CA,06057,1
Placer CA,06061,1
Yuba CA,06115,1
Adams CO,08001,1
Douglas CO,08035,1
Elbert CO,08039,1
Garfield CO,08045,1
Jefferson CO,08059,1
Mesa CO,08077,1
Weld CO,08123,1
Litchfield CT,09005,1
Middlesex CT,09007,1
Clay FL,12019,1
Nassau FL,12089,1
St. Johns FL,12109,1
Santa Rosa FL,12113,1
Wakulla FL,12129,1
Barrow GA,13013,1
Bartow GA,13015,1
Catoosa GA,13047,1
Cherokee GA,13057,1
Coweta GA,13077,1
Dawson GA,13085,1
Douglas GA,13097,1
Effingham GA,13103,1
Fayette GA,13113,1
Forsyth GA,13117,1
Harris GA,13145,1
Henry GA,13151,1
Jackson GA,13157,1
Lee GA,13177,1
Lumpkin GA,13187,1
Newton GA,13217,1
Oconee GA,13219,1
Paulding GA,13223,1
Pickens GA,13227,1
Pike GA,13231,1
Rockdale GA,13247,1
Walton GA,13297,1
Ada ID,16001,1
Canyon ID,16027,1
Gem ID,16045,1
Kootenai ID,16055,1
Payette ID,16075,1
Twin Falls ID,16083,1
Boone IL,17007,1
Grundy IL,17063,1
Kane IL,17089,1
Kendall IL,17093,1
Lake IL,17097,1
McHenry IL,17111,1
Will IL,17197,1
Hamilton IN,18057,1
Hancock IN,18059,1
Hendricks IN,18063,1
Johnson IN,18081,1
Dallas IA,19049,1
Polk IA,19153,1
Johnson KS,20091,1
Anderson KY,21005,1
Boone KY,21015,1
Bullitt KY,21029,1
Grant KY,21081,1
Jessamine KY,21113,1
Nelson KY,21179,1
Oldham KY,21185,1
Scott KY,21209,1
Shelby KY,21211,1
Spencer KY,21215,1
Ascension Parish LA,22005,1
Cameron Parish LA,22023,1
Livingston Parish LA,22063,1
Plaquemines Parish LA,22075,1
St. Tammany Parish LA,22103,1
Anne Arundel MD,24003,1
Caroline MD,24011,1
Carroll MD,24013,1
Cecil MD,24015,1
Frederick MD,24021,1
Harford MD,24025,1
Queen Annes MD,24035,1
Talbot MD,24041,1
Plymouth MA,25023,1
Clinton MI,26037,1
Anoka MN,27003,1
Carver MN,27019,1
Chisago MN,27025,1
Dakota MN,27037,1
Isanti MN,27059,1
Mille Lacs MN,27095,1
Olmsted MN,27109,1
Scott MN,27139,1
Sherburne MN,27141,1
Washington MN,27163,1
Wright MN,27171,1
DeSoto MS,28033,1
Hancock MS,28045,1
Lamar MS,28073,1
Rankin MS,28121,1
Callaway MO,29027,1
Cass MO,29037,1
Christian MO,29043,1
Clay MO,29047,1
Clinton MO,29049,1
Jefferson MO,29099,1
Lincoln MO,29113,1
Platte MO,29165,1
St. Charles MO,29183,1
Warren MO,29219,1
Webster MO,29225,1
Jefferson MT,30043,1
Churchill NV,32001,1
Douglas NV,32005,1
Lyon NV,32019,1
Storey NV,32029,1
Hillsborough NH,33011,1
Merrimack NH,33013,1
Rockingham NH,33015,1
Burlington NJ,34005,1
Gloucester NJ,34015,1
Hunterdon NJ,34019,1
Salem NJ,34033,1
Sussex NJ,34037,1
Warren NJ,34041,1
Sandoval NM,35043,1
Saratoga NY,36091,1
Cabarrus NC,37025,1
Camden NC,37029,1
Chatham NC,37037,1
Currituck NC,37053,1
Iredell NC,37097,1
Johnston NC,37101,1
Lincoln NC,37109,1
Union NC,37179,1
Delaware OH,39041,1
Union OH,39159,1
Warren OH,39165,1
Canadian OK,40017,1
Logan OK,40083,1
Rogers OK,40131,1
Wagoner OK,40145,1
Clackamas OR,41005,1
Yamhill OR,41071,1
Bucks PA,42017,1
Chester PA,42029,1
Monroe PA,42089,1
Pike PA,42103,1
Lexington SC,45063,1
York SC,45091,1
Custer SD,46033,1
Lincoln SD,46083,1
Blount TN,47009,1
Cheatham TN,47021,1
Dickson TN,47043,1
Fayette TN,47047,1
Robertson TN,47147,1
Rutherford TN,47149,1
Sumner TN,47165,1
Tipton TN,47167,1
Williamson TN,47187,1
Wilson TN,47189,1
Bastrop TX,48021,1
Brazoria TX,48039,1
Chambers TX,48071,1
Collin TX,48085,1
Comal TX,48091,1
Denton TX,48121,1
Ellis TX,48139,1
Fort Bend TX,48157,1
Galveston TX,48167,1
Guadalupe TX,48187,1
Hays TX,48209,1
Johnson TX,48251,1
Kaufman TX,48257,1
Kendall TX,48259,1
Montgomery TX,48339,1
Parker TX,48367,1
Rockwall TX,48397,1
Williamson TX,48491,1
Wilson TX,48493,1
Wise TX,48497,1
Amelia VA,51007,1
Caroline VA,51033,1
Chesterfield VA,51041,1
Clarke VA,51043,1
Culpeper VA,51047,1
Fauquier VA,51061,1
Fluvanna VA,51065,1
Frederick VA,51069,1
Goochland VA,51075,1
Greene VA,51079,1
Hanover VA,51085,1
Isle of Wight VA,51093,1
James City VA,51095,1
King William VA,51101,1
Louisa VA,51109,1
New Kent VA,51127,1
Orange VA,51137,1
Powhatan VA,51145,1
Prince William VA,51153,1
Rappahannock VA,51157,1
Roanoke VA,51161,1
Warren VA,51187,1
Poquoson city VA,51735,1
Benton WA,53005,1
Skagit WA,53057,1
Berkeley WV,54003,1
Jefferson WV,54037,1
Ozaukee WI,55089,1
St. Croix WI,55109,1
Walworth WI,55127,1
Waukesha WI,55133,1
Johnson WY,56019,1
Baldwin AL,01003,2
Haines Borough AK,02100,2
Hoonah-Angoon Census Area,02105,2
Kenai Peninsula Borough AK,02122,2
Matanuska-Susitna Borough AK,02170,2
Prince of Wales-Hyder Census Area ,02198,2
Skagway Municipality,02230,2
Gila AZ,04007,2
Greenlee AZ,04011,2
La Paz AZ,04012,2
Mohave AZ,04015,2
Pinal AZ,04021,2
Yavapai AZ,04025,2
Montgomery AR,05097,2
Alpine CA,06003,2
Amador CA,06005,2
Calaveras CA,06009,2
Del Norte CA,06015,2
Inyo CA,06027,2
Lake CA,06033,2
Lassen CA,06035,2
Mariposa CA,06043,2
Mendocino CA,06045,2
Modoc CA,06049,2
Mono CA,06051,2
Plumas CA,06063,2
Sierra CA,06091,2
Siskiyou CA,06093,2
Tehama CA,06103,2
Trinity CA,06105,2
Tuolumne CA,06109,2
Alamosa CO,08003,2
Archuleta CO,08007,2
Bent CO,08011,2
Chaffee CO,08015,2
Clear Creek CO,08019,2
Crowley CO,08025,2
Custer CO,08027,2
Delta CO,08029,2
Dolores CO,08033,2
Eagle CO,08037,2
Fremont CO,08043,2
Gilpin CO,08047,2
Grand CO,08049,2
Hinsdale CO,08053,2
Huerfano CO,08055,2
Jackson CO,08057,2
Kiowa CO,08061,2
Lake CO,08065,2
Las Animas CO,08071,2
Lincoln CO,08073,2
Mineral CO,08079,2
Moffat CO,08081,2
Montezuma CO,08083,2
Montrose CO,08085,2
Morgan CO,08087,2
Otero CO,08089,2
Ouray CO,08091,2
Park CO,08093,2
Pitkin CO,08097,2
Prowers CO,08099,2
Pueblo CO,08101,2
Rio Blanco CO,08103,2
Routt CO,08107,2
San Juan CO,08111,2
San Miguel CO,08113,2
Summit CO,08117,2
Teller CO,08119,2
Sussex DE,10005,2
Brevard FL,12009,2
Charlotte FL,12015,2
Citrus FL,12017,2
Collier FL,12021,2
Flagler FL,12035,2
Glades FL,12043,2
Gulf FL,12045,2
Hernando FL,12053,2
Highlands FL,12055,2
Indian River FL,12061,2
Jackson FL,12063,2
Lafayette FL,12067,2
Lake FL,12069,2
Lee FL,12071,2
Manatee FL,12081,2
Marion FL,12083,2
Martin FL,12085,2
Monroe FL,12087,2
Okeechobee FL,12093,2
Pasco FL,12101,2
Polk FL,12105,2
St. Lucie FL,12111,2
Sarasota FL,12115,2
Sumter FL,12119,2
Union FL,12125,2
Volusia FL,12127,2
Walton FL,12131,2
Towns GA,13281,2
Hawaii HI,15001,2
Adams ID,16003,2
Benewah ID,16009,2
Blaine ID,16013,2
Boise ID,16015,2
Bonner ID,16017,2
Camas ID,16025,2
Clearwater ID,16035,2
Custer ID,16037,2
Lemhi ID,16059,2
Lewis ID,16061,2
Lincoln ID,16063,2
Teton ID,16081,2
Valley ID,16085,2
Washington ID,16087,2
Brown IL,17009,2
Johnson IL,17087,2
Perry IL,17145,2
Brown IN,18013,2
Sullivan IN,18153,2
Lyon KY,21143,2
Aroostook ME,23003,2
Franklin ME,23007,2
Hancock ME,23009,2
Knox ME,23013,2
Lincoln ME,23015,2
Oxford ME,23017,2
Piscataquis ME,23021,2
Somerset ME,23025,2
Waldo ME,23027,2
Washington ME,23029,2
Worcester MD,24047,2
Barnstable MA,25001,2
Dukes MA,25007,2
Nantucket MA,25019,2
Alcona MI,26001,2
Alger MI,26003,2
Antrim MI,26009,2
Arenac MI,26011,2
Baraga MI,26013,2
Benzie MI,26019,2
Charlevoix MI,26029,2
Cheboygan MI,26031,2
Chippewa MI,26033,2
Clare MI,26035,2
Crawford MI,26039,2
Gladwin MI,26051,2
Gogebic MI,26053,2
Iosco MI,26069,2
Iron MI,26071,2
Kalkaska MI,26079,2
Keweenaw MI,26083,2
Lake MI,26085,2
Leelanau MI,26089,2
Luce MI,26095,2
Mackinac MI,26097,2
Manistee MI,26101,2
Montmorency MI,26119,2
Oceana MI,26127,2
Ogemaw MI,26129,2
Ontonagon MI,26131,2
Oscoda MI,26135,2
Otsego MI,26137,2
Presque Isle MI,26141,2
Roscommon MI,26143,2
Schoolcraft MI,26153,2
Aitkin MN,27001,2
Cass MN,27021,2
Cook MN,27031,2
Hubbard MN,27057,2
Itasca MN,27061,2
Koochiching MN,27071,2
Lake of the Woods MN,27077,2
Benton MO,29015,2
Camden MO,29029,2
DeKalb MO,29063,2
Hickory MO,29085,2
Howard MO,29089,2
Morgan MO,29141,2
Stone MO,29209,2
Taney MO,29213,2
Broadwater MT,30007,2
Carbon MT,30009,2
Deer Lodge MT,30023,2
Flathead MT,30029,2
Golden Valley MT,30037,2
Granite MT,30039,2
Hill MT,30041,2
Lake MT,30047,2
Madison MT,30057,2
Meagher MT,30059,2
Musselshell MT,30065,2
Park MT,30067,2
Powell MT,30077,2
Ravalli MT,30081,2
Stillwater MT,30095,2
Sweet Grass MT,30097,2
Morrill NE,31123,2
Elko NV,32007,2
Esmeralda NV,32009,2
Humboldt NV,32013,2
Lander NV,32015,2
Nye NV,32023,2
Pershing NV,32027,2
White Pine NV,32033,2
Carson City NV,32510,2
Carroll NH,33003,2
Coos NH,33007,2
Cape May NJ,34009,2
Catron NM,35003,2
Colfax NM,35007,2
DeBaca NM,35011,2
Grant NM,35017,2
Harding NM,35021,2
Mora NM,35033,2
Quay NM,35037,2
Roosevelt NM,35041,2
Sierra NM,35051,2
Torrance NM,35057,2
Clinton NY,36019,2
Delaware NY,36025,2
Essex NY,36031,2
Franklin NY,36033,2
Greene NY,36039,2
Hamilton NY,36041,2
St. Lawrence NY,36089,2
Sullivan NY,36105,2
Alleghany NC,37005,2
Avery NC,37011,2
Brunswick NC,37019,2
Carteret NC,37031,2
Cherokee NC,37039,2
Dare NC,37055,2
Swain NC,37173,2
Mountrail ND,38061,2
Cimarron OK,40025,2
Harmon OK,40057,2
Harper OK,40059,2
Tillman OK,40141,2
Baker OR,41001,2
Clatsop OR,41007,2
Coos OR,41011,2
Crook OR,41013,2
Curry OR,41015,2
Douglas OR,41019,2
Gilliam OR,41021,2
Grant OR,41023,2
Harney OR,41025,2
Jefferson OR,41031,2
Josephine OR,41033,2
Klamath OR,41035,2
Lake OR,41037,2
Lincoln OR,41041,2
Linn OR,41043,2
Malheur OR,41045,2
Marion OR,41047,2
Tillamook OR,41057,2
Umatilla OR,41059,2
Union OR,41061,2
Wallowa OR,41063,2
Wasco OR,41065,2
Wheeler OR,41069,2
Cameron PA,42023,2
Forest PA,42053,2
Huntingdon PA,42061,2
Potter PA,42105,2
Sullivan PA,42113,2
Horry SC,45051,2
Butte SD,46019,2
Fall River SD,46047,2
Sevier TN,47155,2
Baylor TX,48023,2
Brewster TX,48043,2
Briscoe TX,48045,2
Childress TX,48075,2
Coke TX,48081,2
Cottle TX,48101,2
Crockett TX,48105,2
Dawson TX,48115,2
DeWitt TX,48123,2
Dickens TX,48125,2
Donley TX,48129,2
Fisher TX,48151,2
Foard TX,48155,2
Freestone TX,48161,2
Goliad TX,48175,2
Hardeman TX,48197,2
Haskell TX,48207,2
Howard TX,48227,2
Jeff Davis TX,48243,2
Jones TX,48253,2
Karnes TX,48255,2
Kent TX,48263,2
Kimble TX,48267,2
Knox TX,48275,2
Limestone TX,48293,2
Live Oak TX,48297,2
Llano TX,48299,2
Loving TX,48301,2
McCulloch TX,48307,2
McMullen TX,48311,2
Menard TX,48327,2
Mills TX,48333,2
Mitchell TX,48335,2
Motley TX,48345,2
Nolan TX,48353,2
Real TX,48385,2
Sabine TX,48403,2
San Saba TX,48411,2
Terrell TX,48443,2
Terry TX,48445,2
Throckmorton TX,48447,2
Trinity TX,48455,2
Winkler TX,48495,2
Grand UT,49019,2
Summit UT,49043,2
Essex VT,50009,2
Grand Isle VT,50013,2
Orleans VT,50019,2
Highland VA,51091,2
Lancaster VA,51103,2
Madison VA,51113,2
Mathews VA,51115,2
Middlesex VA,51119,2
Northumberland VA,51133,2
Rockbridge VA,51163,2
Chelan WA,53007,2
Clallam WA,53009,2
Columbia WA,53013,2
Cowlitz WA,53015,2
Ferry WA,53019,2
Grays Harbor WA,53027,2
Jefferson WA,53031,2
Klickitat WA,53039,2
Lewis WA,53041,2
Mason WA,53045,2
Okanogan WA,53047,2
Pacific WA,53049,2
San Juan WA,53055,2
Skamania WA,53059,2
Stevens WA,53065,2
Wahkiakum WA,53069,2
Greenbrier WV,54025,2
Pocahontas WV,54075,2
Randolph WV,54083,2
Tucker WV,54093,2
Adams WI,55001,2
Bayfield WI,55007,2
Burnett WI,55013,2
Florence WI,55037,2
Forest WI,55041,2
Iron WI,55051,2
Oneida WI,55085,2
Sawyer WI,55113,2
Vilas WI,55125,2
Washburn WI,55129,2
Campbell WY,56005,2
Carbon WY,56007,2
Converse WY,56009,2
Crook WY,56011,2
Fremont WY,56013,2
Park WY,56029,2
Sheridan WY,56033,2
Sublette WY,56035,2
Sweetwater WY,56037,2
Teton WY,56039,2
Weston WY,56045,2
Barbour AL,01005,3
Bullock AL,01011,3
Butler AL,01013,3
Chambers AL,01017,3
Choctaw AL,01023,3
Clarke AL,01025,3
Conecuh AL,01035,3
Coosa AL,01037,3
Dallas AL,01047,3
Escambia AL,01053,3
Greene AL,01063,3
Hale AL,01065,3
Houston AL,01069,3
Jefferson AL,01073,3
Lee AL,01081,3
Lowndes AL,01085,3
Macon AL,01087,3
Marengo AL,01091,3
Mobile AL,01097,3
Monroe AL,01099,3
Montgomery AL,01101,3
Perry AL,01105,3
Pickens AL,01107,3
Pike AL,01109,3
Russell AL,01113,3
Sumter AL,01119,3
Tuscaloosa AL,01125,3
Wilcox AL,01131,3
Ashley AR,05003,3
Bradley AR,05011,3
Calhoun AR,05013,3
Chicot AR,05017,3
Columbia AR,05027,3
Crittenden AR,05035,3
Dallas AR,05039,3
Desha AR,05041,3
Drew AR,05043,3
Hempstead AR,05057,3
Howard AR,05061,3
Jefferson AR,05069,3
Lafayette AR,05073,3
Lee AR,05077,3
Lincoln AR,05079,3
Miller AR,05091,3
Mississippi AR,05093,3
Monroe AR,05095,3
Nevada AR,05099,3
Ouachita AR,05103,3
Phillips AR,05107,3
St. Francis AR,05123,3
Union AR,05139,3
Bradford FL,12007,3
Calhoun FL,12013,3
Columbia FL,12023,3
Franklin FL,12037,3
Gadsden FL,12039,3
Hamilton FL,12047,3
Jefferson FL,12065,3
Levy FL,12075,3
Liberty FL,12077,3
Madison FL,12079,3
Putnam FL,12107,3
Suwannee FL,12121,3
Taylor FL,12123,3
Washington FL,12133,3
Baker GA,13007,3
Baldwin GA,13009,3
Ben Hill GA,13017,3
Bibb GA,13021,3
Bleckley GA,13023,3
Brooks GA,13027,3
Bulloch GA,13031,3
Burke GA,13033,3
Butts GA,13035,3
Calhoun GA,13037,3
Candler GA,13043,3
Charlton GA,13049,3
Clay GA,13061,3
Clayton GA,13063,3
Clinch GA,13065,3
Coffee GA,13069,3
Colquitt GA,13071,3
Cook GA,13075,3
Crawford GA,13079,3
Crisp GA,13081,3
Decatur GA,13087,3
Dodge GA,13091,3
Dooly GA,13093,3
Dougherty GA,13095,3
Early GA,13099,3
Elbert GA,13105,3
Emanuel GA,13107,3
Evans GA,13109,3
Grady GA,13131,3
Greene GA,13133,3
Hancock GA,13141,3
Jasper GA,13159,3
Jefferson GA,13163,3
Jenkins GA,13165,3
Johnson GA,13167,3
Jones GA,13169,3
Lamar GA,13171,3
Laurens GA,13175,3
Lincoln GA,13181,3
Lowndes GA,13185,3
McDuffie GA,13189,3
McIntosh GA,13191,3
Macon GA,13193,3
Marion GA,13197,3
Meriwether GA,13199,3
Miller GA,13201,3
Mitchell GA,13205,3
Monroe GA,13207,3
Montgomery GA,13209,3
Morgan GA,13211,3
Muscogee GA,13215,3
Oglethorpe GA,13221,3
Peach GA,13225,3
Pulaski GA,13235,3
Putnam GA,13237,3
Quitman GA,13239,3
Randolph GA,13243,3
Richmond GA,13245,3
Schley GA,13249,3
Screven GA,13251,3
Seminole GA,13253,3
Spalding GA,13255,3
Stewart GA,13259,3
Sumter GA,13261,3
Talbot GA,13263,3
Taliaferro GA,13265,3
Tattnall GA,13267,3
Taylor GA,13269,3
Telfair GA,13271,3
Terrell GA,13273,3
Thomas GA,13275,3
Tift GA,13277,3
Treutlen GA,13283,3
Troup GA,13285,3
Turner GA,13287,3
Twiggs GA,13289,3
Ware GA,13299,3
Warren GA,13301,3
Washington GA,13303,3
Webster GA,13307,3
Wheeler GA,13309,3
Wilcox GA,13315,3
Wilkes GA,13317,3
Wilkinson GA,13319,3
Alexander IL,17003,3
Pulaski IL,17153,3
Wyandotte KS,20209,3
Fulton KY,21075,3
Acadia Parish LA,22001,3
Allen Parish LA,22003,3
Assumption Parish LA,22007,3
Avoyelles Parish LA,22009,3
Bienville Parish LA,22013,3
Caddo Parish LA,22017,3
Claiborne Parish LA,22027,3
Concordia Parish LA,22029,3
De Soto Parish LA,22031,3
East Carroll Parish LA,22035,3
East Feliciana Parish LA,22037,3
Evangeline Parish LA,22039,3
Iberia Parish LA,22045,3
Iberville Parish LA,22047,3
Jefferson Davis Parish LA,22053,3
Lafourche Parish LA,22057,3
Lincoln Parish LA,22061,3
Madison Parish LA,22065,3
Morehouse Parish LA,22067,3
Natchitoches Parish LA,22069,3
Orleans Parish LA,22071,3
Ouachita Parish LA,22073,3
Pointe Coupee Parish LA,22077,3
Rapides Parish LA,22079,3
Red River Parish LA,22081,3
Richland Parish LA,22083,3
St. Charles Parish LA,22089,3
St. Helena Parish LA,22091,3
St. James Parish LA,22093,3
St. John the Baptist Parish LA,22095,3
St. Landry Parish LA,22097,3
St. Martin Parish LA,22099,3
St. Mary Parish LA,22101,3
Tensas Parish LA,22107,3
Terrebonne Parish LA,22109,3
Vermilion Parish LA,22113,3
Washington Parish LA,22117,3
Webster Parish LA,22119,3
West Feliciana Parish LA,22125,3
Dorchester MD,24019,3
Adams MS,28001,3
Amite MS,28005,3
Attala MS,28007,3
Bolivar MS,28011,3
Calhoun MS,28013,3
Carroll MS,28015,3
Chickasaw MS,28017,3
Claiborne MS,28021,3
Clay MS,28025,3
Coahoma MS,28027,3
Copiah MS,28029,3
Covington MS,28031,3
Forrest MS,28035,3
Grenada MS,28043,3
Hinds MS,28049,3
Holmes MS,28051,3
Humphreys MS,28053,3
Issaquena MS,28055,3
Jasper MS,28061,3
Jefferson MS,28063,3
Jefferson Davis MS,28065,3
Jones MS,28067,3
Kemper MS,28069,3
Lauderdale MS,28075,3
Lee MS,28081,3
Leflore MS,28083,3
Lincoln MS,28085,3
Lowndes MS,28087,3
Marshall MS,28093,3
Monroe MS,28095,3
Montgomery MS,28097,3
Newton MS,28101,3
Noxubee MS,28103,3
Panola MS,28107,3
Pike MS,28113,3
Quitman MS,28119,3
Sharkey MS,28125,3
Sunflower MS,28133,3
Tallahatchie MS,28135,3
Tate MS,28137,3
Tunica MS,28143,3
Walthall MS,28147,3
Warren MS,28149,3
Washington MS,28151,3
Wilkinson MS,28157,3
Winston MS,28159,3
Yalobusha MS,28161,3
Yazoo MS,28163,3
Mississippi MO,29133,3
Pemiscot MO,29155,3
Anson NC,37007,3
Bertie NC,37015,3
Bladen NC,37017,3
Caswell NC,37033,3
Chowan NC,37041,3
Columbus NC,37047,3
Duplin NC,37061,3
Edgecombe NC,37065,3
Franklin NC,37069,3
Granville NC,37077,3
Greene NC,37079,3
Halifax NC,37083,3
Hertford NC,37091,3
Hyde NC,37095,3
Jones NC,37103,3
Lee NC,37105,3
Lenoir NC,37107,3
Martin NC,37117,3
Montgomery NC,37123,3
Nash NC,37127,3
Northampton NC,37131,3
Pamlico NC,37137,3
Pender NC,37141,3
Perquimans NC,37143,3
Person NC,37145,3
Pitt NC,37147,3
Richmond NC,37153,3
Rockingham NC,37157,3
Rowan NC,37159,3
Sampson NC,37163,3
Scotland NC,37165,3
Tyrrell NC,37177,3
Vance NC,37181,3
Warren NC,37185,3
Washington NC,37187,3
Wilson NC,37195,3
Abbeville SC,45001,3
Aiken SC,45003,3
Allendale SC,45005,3
Bamberg SC,45009,3
Barnwell SC,45011,3
Calhoun SC,45017,3
Chester SC,45023,3
Chesterfield SC,45025,3
Clarendon SC,45027,3
Colleton SC,45029,3
Darlington SC,45031,3
Dillon SC,45033,3
Edgefield SC,45037,3
Fairfield SC,45039,3
Florence SC,45041,3
Georgetown SC,45043,3
Hampton SC,45049,3
Jasper SC,45053,3
Kershaw SC,45055,3
Lancaster SC,45057,3
Lee SC,45061,3
McCormick SC,45065,3
Marion SC,45067,3
Marlboro SC,45069,3
Newberry SC,45071,3
Orangeburg SC,45075,3
Richland SC,45079,3
Saluda SC,45081,3
Sumter SC,45085,3
Union SC,45087,3
Williamsburg SC,45089,3
Hardeman TN,47069,3
Haywood TN,47075,3
Lake TN,47095,3
Lauderdale TN,47097,3
Madison TN,47113,3
Shelby TN,47157,3
Anderson TX,48001,3
Angelina TX,48005,3
Bowie TX,48037,3
Camp TX,48063,3
Cherokee TX,48073,3
Falls TX,48145,3
Grimes TX,48185,3
Harrison TX,48203,3
Houston TX,48225,3
Jefferson TX,48245,3
Madison TX,48313,3
Marion TX,48315,3
Navarro TX,48349,3
Newton TX,48351,3
Polk TX,48373,3
Robertson TX,48395,3
San Augustine TX,48405,3
San Jacinto TX,48407,3
Shelby TX,48419,3
Accomack VA,51001,3
Amherst VA,51009,3
Appomattox VA,51011,3
Brunswick VA,51025,3
Buckingham VA,51029,3
Campbell VA,51031,3
Charles City VA,51036,3
Cumberland VA,51049,3
Dinwiddie VA,51053,3
Essex VA,51057,3
Greensville VA,51081,3
Halifax VA,51083,3
Henry VA,51089,3
King and Queen VA,51097,3
Lunenburg VA,51111,3
Mecklenburg VA,51117,3
Northampton VA,51131,3
Nottoway VA,51135,3
Pittsylvania VA,51143,3
Richmond VA,51159,3
Southampton VA,51175,3
Surry VA,51181,3
Sussex VA,51183,3
Westmoreland VA,51193,3
Danville city VA,51590,3
Emporia city VA,51595,3
Franklin city VA,51620,3
Hampton city VA,51650,3
Hopewell city VA,51670,3
Martinsville city VA,51690,3
Newport News city VA,51700,3
Norfolk city VA,51710,3
Petersburg city VA,51730,3
Portsmouth city VA,51740,3
Richmond city VA,51760,3
Bibb AL,01007,4
Blount AL,01009,4
Calhoun AL,01015,4
Chilton AL,01021,4
Clay AL,01027,4
Cleburne AL,01029,4
Colbert AL,01033,4
Covington AL,01039,4
Crenshaw AL,01041,4
Cullman AL,01043,4
DeKalb AL,01049,4
Etowah AL,01055,4
Fayette AL,01057,4
Franklin AL,01059,4
Geneva AL,01061,4
Henry AL,01067,4
Jackson AL,01071,4
Lamar AL,01075,4
Lauderdale AL,01077,4
Lawrence AL,01079,4
Marion AL,01093,4
Marshall AL,01095,4
Morgan AL,01103,4
Randolph AL,01111,4
Talladega AL,01121,4
Tallapoosa AL,01123,4
Walker AL,01127,4
Washington AL,01129,4
Winston AL,01133,4
Arkansas AR,05001,4
Boone AR,05009,4
Cleveland AR,05025,4
Conway AR,05029,4
Crawford AR,05033,4
Cross AR,05037,4
Garland AR,05051,4
Grant AR,05053,4
Greene AR,05055,4
Hot Spring AR,05059,4
Independence AR,05063,4
Jackson AR,05067,4
Johnson AR,05071,4
Little River AR,05081,4
Logan AR,05083,4
Pike AR,05109,4
Poinsett AR,05111,4
Pope AR,05115,4
Scott AR,05127,4
Sebastian AR,05131,4
White AR,05145,4
Woodruff AR,05147,4
Gilchrist FL,12041,4
Holmes FL,12059,4
Appling GA,13001,4
Bacon GA,13005,4
Banks GA,13011,4
Brantley GA,13025,4
Chattooga GA,13055,4
Floyd GA,13115,4
Franklin GA,13119,4
Glascock GA,13125,4
Habersham GA,13137,4
Haralson GA,13143,4
Hart GA,13147,4
Heard GA,13149,4
Irwin GA,13155,4
Jeff Davis GA,13161,4
Madison GA,13195,4
Pierce GA,13229,4
Polk GA,13233,4
Stephens GA,13257,4
Toombs GA,13279,4
Upson GA,13293,4
Walker GA,13295,4
Wayne GA,13305,4
Worth GA,13321,4
Adams IL,17001,4
Clay IL,17025,4
Franklin IL,17055,4
Jefferson IL,17081,4
Marion IL,17121,4
Massac IL,17127,4
Randolph IL,17157,4
Saline IL,17165,4
Stephenson IL,17177,4
Union IL,17181,4
Williamson IL,17199,4
Adams IN,18001,4
Daviess IN,18027,4
Lagrange IN,18087,4
Cowley KS,20035,4
Labette KS,20099,4
Montgomery KS,20125,4
Ballard KY,21007,4
Barren KY,21009,4
Bell KY,21013,4
Bourbon KY,21017,4
Boyd KY,21019,4
Boyle KY,21021,4
Bracken KY,21023,4
Breckinridge KY,21027,4
Butler KY,21031,4
Caldwell KY,21033,4
Carroll KY,21041,4
Clark KY,21049,4
Clay KY,21051,4
Clinton KY,21053,4
Daviess KY,21059,4
Gallatin KY,21077,4
Garrard KY,21079,4
Graves KY,21083,4
Grayson KY,21085,4
Green KY,21087,4
Hancock KY,21091,4
Harrison KY,21097,4
Hart KY,21099,4
Henderson KY,21101,4
Henry KY,21103,4
Hickman KY,21105,4
Hopkins KY,21107,4
Knox KY,21121,4
Larue KY,21123,4
Laurel KY,21125,4
Lincoln KY,21137,4
Logan KY,21141,4
McCracken KY,21145,4
McLean KY,21149,4
Marion KY,21155,4
Mason KY,21161,4
Mercer KY,21167,4
Metcalfe KY,21169,4
Monroe KY,21171,4
Muhlenberg KY,21177,4
Ohio KY,21183,4
Owen KY,21187,4
Pendleton KY,21191,4
Powell KY,21197,4
Pulaski KY,21199,4
Rockcastle KY,21203,4
Simpson KY,21213,4
Taylor KY,21217,4
Todd KY,21219,4
Trigg KY,21221,4
Union KY,21225,4
Washington KY,21229,4
Webster KY,21233,4
Whitley KY,21235,4
Beauregard Parish LA,22011,4
Caldwell Parish LA,22021,4
Catahoula Parish LA,22025,4
Franklin Parish LA,22041,4
Grant Parish LA,22043,4
Jackson Parish LA,22049,4
La Salle Parish LA,22059,4
Sabine Parish LA,22085,4
Union Parish LA,22111,4
West Carroll Parish LA,22123,4
Winn Parish LA,22127,4
Alcorn MS,28003,4
Benton MS,28009,4
Choctaw MS,28019,4
Clarke MS,28023,4
Franklin MS,28037,4
George MS,28039,4
Greene MS,28041,4
Itawamba MS,28057,4
Lawrence MS,28077,4
Leake MS,28079,4
Marion MS,28091,4
Neshoba MS,28099,4
Pearl River MS,28109,4
Perry MS,28111,4
Pontotoc MS,28115,4
Prentiss MS,28117,4
Scott MS,28123,4
Simpson MS,28127,4
Smith MS,28129,4
Tippah MS,28139,4
Tishomingo MS,28141,4
Union MS,28145,4
Wayne MS,28153,4
Webster MS,28155,4
Barry MO,29009,4
Butler MO,29023,4
Cooper MO,29053,4
Dent MO,29065,4
Dunklin MO,29069,4
Grundy MO,29079,4
Henry MO,29083,4
Jasper MO,29097,4
Laclede MO,29105,4
Lafayette MO,29107,4
Lawrence MO,29109,4
Livingston MO,29117,4
Miller MO,29131,4
Moniteau MO,29135,4
New Madrid MO,29143,4
Newton MO,29145,4
Pettis MO,29159,4
Pike MO,29163,4
Randolph MO,29175,4
St. Francois MO,29187,4
Saline MO,29195,4
Scott MO,29201,4
Vernon MO,29217,4
Wright MO,29229,4
Richland MT,30083,4
Gosper NE,31073,4
Alexander NC,37003,4
Beaufort NC,37013,4
Burke NC,37023,4
Caldwell NC,37027,4
Catawba NC,37035,4
Cleveland NC,37045,4
Gaston NC,37071,4
Gates NC,37073,4
McDowell NC,37111,4
Madison NC,37115,4
Rutherford NC,37161,4
Stanly NC,37167,4
Surry NC,37171,4
Wilkes NC,37193,4
Yadkin NC,37197,4
Mercer ND,38057,4
Williams ND,38105,4
Holmes OH,39075,4
Atoka OK,40005,4
Beaver OK,40007,4
Beckham OK,40009,4
Bryan OK,40013,4
Caddo OK,40015,4
Carter OK,40019,4
Choctaw OK,40023,4
Coal OK,40029,4
Cotton OK,40033,4
Craig OK,40035,4
Creek OK,40037,4
Dewey OK,40043,4
Ellis OK,40045,4
Garvin OK,40049,4
Grady OK,40051,4
Haskell OK,40061,4
Hughes OK,40063,4
Jefferson OK,40067,4
Johnston OK,40069,4
Kay OK,40071,4
Kingfisher OK,40073,4
Kiowa OK,40075,4
Latimer OK,40077,4
Le Flore OK,40079,4
Lincoln OK,40081,4
Love OK,40085,4
McClain OK,40087,4
McCurtain OK,40089,4
Major OK,40093,4
Mayes OK,40097,4
Murray OK,40099,4
Muskogee OK,40101,4
Noble OK,40103,4
Nowata OK,40105,4
Okfuskee OK,40107,4
Okmulgee OK,40111,4
Osage OK,40113,4
Ottawa OK,40115,4
Pawnee OK,40117,4
Pittsburg OK,40121,4
Pottawatomie OK,40125,4
Pushmataha OK,40127,4
Roger Mills OK,40129,4
Seminole OK,40133,4
Sequoyah OK,40135,4
Stephens OK,40137,4
Washington OK,40147,4
Washita OK,40149,4
Woodward OK,40153,4
Anderson SC,45007,4
Cherokee SC,45021,4
Greenwood SC,45047,4
Laurens SC,45059,4
Oconee SC,45073,4
Spartanburg SC,45083,4
Anderson TN,47001,4
Benton TN,47005,4
Bradley TN,47011,4
Carroll TN,47017,4
Carter TN,47019,4
Chester TN,47023,4
Claiborne TN,47025,4
Coffee TN,47031,4
Crockett TN,47033,4
Decatur TN,47039,4
DeKalb TN,47041,4
Dyer TN,47045,4
Franklin TN,47051,4
Gibson TN,47053,4
Giles TN,47055,4
Grainger TN,47057,4
Greene TN,47059,4
Hamblen TN,47063,4
Hancock TN,47067,4
Hardin TN,47071,4
Hawkins TN,47073,4
Henderson TN,47077,4
Henry TN,47079,4
Humphreys TN,47085,4
Jefferson TN,47089,4
Johnson TN,47091,4
Lawrence TN,47099,4
Lincoln TN,47103,4
McMinn TN,47107,4
McNairy TN,47109,4
Marshall TN,47117,4
Meigs TN,47121,4
Monroe TN,47123,4
Morgan TN,47129,4
Obion TN,47131,4
Polk TN,47139,4
Rhea TN,47143,4
Roane TN,47145,4
Sequatchie TN,47153,4
Stewart TN,47161,4
Sullivan TN,47163,4
Warren TN,47177,4
Weakley TN,47183,4
Archer TX,48009,4
Armstrong TX,48011,4
Brown TX,48049,4
Carson TX,48065,4
Cass TX,48067,4
Clay TX,48077,4
Delta TX,48119,4
Eastland TX,48133,4
Fannin TX,48147,4
Gray TX,48179,4
Grayson TX,48181,4
Hardin TX,48199,4
Hemphill TX,48211,4
Hopkins TX,48223,4
Hunt TX,48231,4
Hutchinson TX,48233,4
Jack TX,48237,4
Jackson TX,48239,4
Jasper TX,48241,4
Lamar TX,48277,4
Lee TX,48287,4
Liberty TX,48291,4
Morris TX,48343,4
Orange TX,48361,4
Panola TX,48365,4
Red River TX,48387,4
Runnels TX,48399,4
Rusk TX,48401,4
Shackelford TX,48417,4
Stephens TX,48429,4
Tyler TX,48457,4
Upshur TX,48459,4
Van Zandt TX,48467,4
Wilbarger TX,48487,4
Young TX,48503,4
Charlotte VA,51037,4
Lee VA,51105,4
Washington VA,51191,4
Bedford city VA,51515,4
Bristol city VA,51520,4
Buena Vista city VA,51530,4
Colonial Heights city VA,51570,4
Covington city VA,51580,4
Galax city VA,51640,4
Norton city VA,51720,4
Roanoke city VA,51770,4
Waynesboro city VA,51820,4
Washakie WY,56043,4
Cherokee AL,01019,5
Baxter AR,05005,5
Carroll AR,05015,5
Clay AR,05021,5
Cleburne AR,05023,5
Franklin AR,05047,5
Fulton AR,05049,5
Izard AR,05065,5
Lawrence AR,05075,5
Marion AR,05089,5
Newton AR,05101,5
Perry AR,05105,5
Polk AR,05113,5
Prairie AR,05117,5
Randolph AR,05121,5
Searcy AR,05129,5
Sharp AR,05135,5
Stone AR,05137,5
Van Buren AR,05141,5
Sedgwick CO,08115,5
Dixie FL,12029,5
Berrien GA,13019,5
Fannin GA,13111,5
Gilmer GA,13123,5
Gordon GA,13129,5
Murray GA,13213,5
Rabun GA,13241,5
Union GA,13291,5
White GA,13311,5
Boundary ID,16021,5
Idaho ID,16049,5
Shoshone ID,16079,5
Calhoun IL,17013,5
Clark IL,17023,5
Edwards IL,17047,5
Gallatin IL,17059,5
Hamilton IL,17065,5
Hardin IL,17069,5
Henderson IL,17071,5
Jo Daviess IL,17085,5
Pike IL,17149,5
Pope IL,17151,5
Wayne IL,17191,5
White IL,17193,5
Crawford IN,18025,5
Elkhart IN,18039,5
Jennings IN,18079,5
Orange IN,18117,5
Owen IN,18119,5
Parke IN,18121,5
Scott IN,18143,5
Shelby IN,18145,5
Starke IN,18149,5
Steuben IN,18151,5
Switzerland IN,18155,5
Washington IN,18175,5
White IN,18181,5
Allamakee IA,19005,5
Appanoose IA,19007,5
Dickinson IA,19059,5
Wayne IA,19185,5
Chase KS,20017,5
Chautauqua KS,20019,5
Elk KS,20049,5
Greenwood KS,20073,5
Lincoln KS,20105,5
Wilson KS,20205,5
Woodson KS,20207,5
Adair KY,21001,5
Allen KY,21003,5
Bath KY,21011,5
Breathitt KY,21025,5
Carlisle KY,21039,5
Carter KY,21043,5
Casey KY,21045,5
Crittenden KY,21055,5
Cumberland KY,21057,5
Edmonson KY,21061,5
Elliott KY,21063,5
Estill KY,21065,5
Floyd KY,21071,5
Harlan KY,21095,5
Jackson KY,21109,5
Johnson KY,21115,5
Knott KY,21119,5
Lawrence KY,21127,5
Lee KY,21129,5
Leslie KY,21131,5
Letcher KY,21133,5
Lewis KY,21135,5
Livingston KY,21139,5
McCreary KY,21147,5
Magoffin KY,21153,5
Marshall KY,21157,5
Martin KY,21159,5
Menifee KY,21165,5
Montgomery KY,21173,5
Morgan KY,21175,5
Nicholas KY,21181,5
Owsley KY,21189,5
Perry KY,21193,5
Pike KY,21195,5
Russell KY,21207,5
Wayne KY,21231,5
Wolfe KY,21237,5
Garrett MD,24023,5
Kent MD,24029,5
Branch MI,26023,5
Cass MI,26027,5
Hillsdale MI,26059,5
Huron MI,26063,5
Ionia MI,26067,5
Lenawee MI,26091,5
Mason MI,26105,5
Missaukee MI,26113,5
Montcalm MI,26117,5
Newaygo MI,26123,5
Osceola MI,26133,5
St. Clair MI,26147,5
St. Joseph MI,26149,5
Sanilac MI,26151,5
Shiawassee MI,26155,5
Van Buren MI,26159,5
Wexford MI,26165,5
Becker MN,27005,5
Clearwater MN,27029,5
Crow Wing MN,27035,5
Douglas MN,27041,5
Kanabec MN,27065,5
Lake MN,27075,5
Otter Tail MN,27111,5
Pine MN,27115,5
Pope MN,27121,5
Wadena MN,27159,5
Carroll MO,29033,5
Carter MO,29035,5
Cedar MO,29039,5
Crawford MO,29055,5
Dade MO,29057,5
Dallas MO,29059,5
Daviess MO,29061,5
Douglas MO,29067,5
Gasconade MO,29073,5
Gentry MO,29075,5
Harrison MO,29081,5
Iron MO,29093,5
Lewis MO,29111,5
Linn MO,29115,5
McDonald MO,29119,5
Macon MO,29121,5
Madison MO,29123,5
Maries MO,29125,5
Monroe MO,29137,5
Montgomery MO,29139,5
Oregon MO,29149,5
Ozark MO,29153,5
Reynolds MO,29179,5
Ripley MO,29181,5
St. Clair MO,29185,5
Ste. Genevieve MO,29186,5
Schuyler MO,29197,5
Shannon MO,29203,5
Shelby MO,29205,5
Stoddard MO,29207,5
Texas MO,29215,5
Washington MO,29221,5
Wayne MO,29223,5
Lincoln MT,30053,5
Mineral MT,30061,5
Sanders MT,30089,5
Johnson NE,31097,5
Lincoln NM,35027,5
Lewis NY,36049,5
Schuyler NY,36097,5
Ashe NC,37009,5
Clay NC,37043,5
Davidson NC,37057,5
Graham NC,37075,5
Haywood NC,37087,5
Henderson NC,37089,5
Macon NC,37113,5
Mitchell NC,37121,5
Moore NC,37125,5
Polk NC,37149,5
Randolph NC,37151,5
Transylvania NC,37175,5
Yancey NC,37199,5
Adams OH,39001,5
Brown OH,39015,5
Champaign OH,39021,5
Clinton OH,39027,5
Harrison OH,39067,5
Highland OH,39071,5
Hocking OH,39073,5
Huron OH,39077,5
Jackson OH,39079,5
Lawrence OH,39087,5
Logan OH,39091,5
Meigs OH,39105,5
Monroe OH,39111,5
Morgan OH,39115,5
Noble OH,39121,5
Ottawa OH,39123,5
Perry OH,39127,5
Pike OH,39131,5
Ross OH,39141,5
Scioto OH,39145,5
Vinton OH,39163,5
Delaware OK,40041,5
McIntosh OK,40091,5
Marshall OK,40095,5
Carbon PA,42025,5
Greene PA,42059,5
Warren PA,42123,5
Wayne PA,42127,5
Bedford TN,47003,5
Bledsoe TN,47007,5
Campbell TN,47013,5
Cannon TN,47015,5
Clay TN,47027,5
Cocke TN,47029,5
Cumberland TN,47035,5
Fentress TN,47049,5
Grundy TN,47061,5
Hickman TN,47081,5
Houston TN,47083,5
Jackson TN,47087,5
Lewis TN,47101,5
Loudon TN,47105,5
Macon TN,47111,5
Marion TN,47115,5
Moore TN,47127,5
Perry TN,47135,5
Pickett TN,47137,5
Scott TN,47151,5
Smith TN,47159,5
Trousdale TN,47169,5
Unicoi TN,47171,5
Union TN,47173,5
Van Buren TN,47175,5
Wayne TN,47181,5
White TN,47185,5
Aransas TX,48007,5
Austin TX,48015,5
Bandera TX,48019,5
Blanco TX,48031,5
Bosque TX,48035,5
Burleson TX,48051,5
Burnet TX,48053,5
Callahan TX,48059,5
Coleman TX,48083,5
Colorado TX,48089,5
Cooke TX,48097,5
Fayette TX,48149,5
Franklin TX,48159,5
Gillespie TX,48171,5
Hamilton TX,48193,5
Henderson TX,48213,5
Hill TX,48217,5
Hood TX,48221,5
Kerr TX,48265,5
Lampasas TX,48281,5
Lavaca TX,48285,5
Leon TX,48289,5
Milam TX,48331,5
Montague TX,48337,5
Palo Pinto TX,48363,5
Rains TX,48379,5
Washington TX,48477,5
Wood TX,48499,5
Bath VA,51017,5
Bland VA,51021,5
Buchanan VA,51027,5
Carroll VA,51035,5
Dickenson VA,51051,5
Floyd VA,51063,5
Franklin VA,51067,5
Grayson VA,51077,5
Nelson VA,51125,5
Page VA,51139,5
Patrick VA,51141,5
Russell VA,51167,5
Scott VA,51169,5
Tazewell VA,51185,5
Wise VA,51195,5
Pend Oreille WA,53051,5
Barbour WV,54001,5
Boone WV,54005,5
Braxton WV,54007,5
Calhoun WV,54013,5
Clay WV,54015,5
Doddridge WV,54017,5
Fayette WV,54019,5
Hampshire WV,54027,5
Hardy WV,54031,5
Harrison WV,54033,5
Jackson WV,54035,5
Lewis WV,54041,5
Lincoln WV,54043,5
Logan WV,54045,5
McDowell WV,54047,5
Marion WV,54049,5
Mason WV,54053,5
Mercer WV,54055,5
Mingo WV,54059,5
Monroe WV,54063,5
Morgan WV,54065,5
Nicholas WV,54067,5
Pendleton WV,54071,5
Pleasants WV,54073,5
Preston WV,54077,5
Raleigh WV,54081,5
Ritchie WV,54085,5
Roane WV,54087,5
Summers WV,54089,5
Taylor WV,54091,5
Tyler WV,54095,5
Wayne WV,54099,5
Webster WV,54101,5
Wetzel WV,54103,5
Wirt WV,54105,5
Wyoming WV,54109,5
Barron WI,55005,5
Door WI,55029,5
Green Lake WI,55047,5
Juneau WI,55057,5
Langlade WI,55067,5
Lincoln WI,55069,5
Marinette WI,55075,5
Marquette WI,55077,5
Oconto WI,55083,5
Polk WI,55095,5
Price WI,55099,5
Rusk WI,55107,5
Shawano WI,55115,5
Waupaca WI,55135,5
Waushara WI,55137,5
Coffee AL,01031,6
Dale AL,01045,6
Anchorage Borough AK,02020,6
Bristol Bay Borough AK,02060,6
Denali Borough AK,02068,6
Fairbanks North Star Borough AK,02090,6
Juneau Borough AK,02110,6
Ketchikan Gateway Borough AK,02130,6
Kodiak Island Borough AK,02150,6
Sitka Borough AK,02220,6
Southeast Fairbanks Census Area AK,02240,6
Valdez-Cordova Census Area AK,02261,6
Yakutat Borough,02282,6
Cochise AZ,04003,6
El Paso CO,08041,6
New London CT,09011,6
Kent DE,10001,6
Baker FL,12003,6
Bay FL,12005,6
Escambia FL,12033,6
Okaloosa FL,12091,6
Bryan GA,13029,6
Camden GA,13039,6
Chattahoochee GA,13053,6
Columbia GA,13073,6
Glynn GA,13127,6
Houston GA,13153,6
Lanier GA,13173,6
Liberty GA,13179,6
Long GA,13183,6
Elmore ID,16039,6
St. Clair IL,17163,6
Geary KS,20061,6
Leavenworth KS,20103,6
Christian KY,21047,6
Hardin KY,21093,6
Meade KY,21163,6
Bossier Parish LA,22015,6
Calcasieu Parish LA,22019,6
St. Bernard Parish LA,22087,6
Tangipahoa Parish LA,22105,6
Vernon Parish LA,22115,6
West Baton Rouge Parish LA,22121,6
Calvert MD,24009,6
Charles MD,24017,6
St. Marys MD,24037,6
Harrison MS,28047,6
Jackson MS,28059,6
Stone MS,28131,6
Johnson MO,29101,6
Pulaski MO,29169,6
Cascade MT,30013,6
Sarpy NE,31153,6
Curry NM,35009,6
Otero NM,35035,6
Jefferson NY,36045,6
Craven NC,37049,6
Cumberland NC,37051,6
Harnett NC,37085,6
Hoke NC,37093,6
Onslow NC,37133,6
Pasquotank NC,37139,6
Wayne NC,37191,6
Ward ND,38101,6
Comanche OK,40031,6
Jackson OK,40065,6
Beaufort SC,45013,6
Berkeley SC,45015,6
Dorchester SC,45035,6
Meade SD,46093,6
Pennington SD,46103,6
Montgomery TN,47125,6
Bell TX,48027,6
Coryell TX,48099,6
Taylor TX,48441,6
Tom Green TX,48451,6
Wichita TX,48485,6
King George VA,51099,6
Prince George VA,51149,6
Spotsylvania VA,51177,6
Stafford VA,51179,6
York VA,51199,6
Chesapeake city VA,51550,6
Suffolk city VA,51800,6
Virginia Beach city VA,51810,6
Island WA,53029,6
Kitsap WA,53035,6
Thurston WA,53067,6
Laramie WY,56021,6
Madison AL,01089,7
Pima AZ,04019,7
Pulaski AR,05119,7
Contra Costa CA,06013,7
Marin CA,06041,7
Napa CA,06055,7
Orange CA,06059,7
Riverside CA,06065,7
San Bernardino CA,06071,7
San Mateo CA,06081,7
Santa Barbara CA,06083,7
Santa Cruz CA,06087,7
Solano CA,06095,7
Sonoma CA,06097,7
Ventura CA,06111,7
Yolo CA,06113,7
Arapahoe CO,08005,7
Broomfield CO,08014,7
Fairfield CT,09001,7
Hartford CT,09003,7
New Haven CT,09009,7
New Castle DE,10003,7
Broward FL,12011,7
Hillsborough FL,12057,7
Orange FL,12095,7
Palm Beach FL,12099,7
Pinellas FL,12103,7
Seminole FL,12117,7
Chatham GA,13051,7
Cobb GA,13067,7
DeKalb GA,13089,7
Gwinnett GA,13135,7
Honolulu HI,15003,7
Kalawao HI,15005,7
Kauai HI,15007,7
Maui HI,15009,7
DuPage IL,17043,7
Allen IN,18003,7
East Baton Rouge Parish LA,22033,7
Lafayette Parish LA,22055,7
Baltimore MD,24005,7
Howard MD,24027,7
Montgomery MD,24031,7
Prince Georges MD,24033,7
Bristol MA,25005,7
Essex MA,25009,7
Hampden MA,25013,7
Middlesex MA,25017,7
Norfolk MA,25021,7
Worcester MA,25027,7
Kent MI,26081,7
Oakland MI,26125,7
Madison MS,28089,7
St. Louis MO,29189,7
Washoe NV,32031,7
Atlantic NJ,34001,7
Bergen NJ,34003,7
Camden NJ,34007,7
Essex NJ,34013,7
Hudson NJ,34017,7
Mercer NJ,34021,7
Middlesex NJ,34023,7
Monmouth NJ,34025,7
Morris NJ,34027,7
Passaic NJ,34031,7
Somerset NJ,34035,7
Union NJ,34039,7
Los Alamos NM,35028,7
Santa Fe NM,35049,7
Erie NY,36029,7
Monroe NY,36055,7
Nassau NY,36059,7
Onondaga NY,36067,7
Orange NY,36071,7
Putnam NY,36079,7
Rockland NY,36087,7
Suffolk NY,36103,7
Westchester NY,36119,7
Durham NC,37063,7
Forsyth NC,37067,7
Guilford NC,37081,7
Hamilton OH,39061,7
Lucas OH,39095,7
Montgomery OH,39113,7
Washington OR,41067,7
Allegheny PA,42003,7
Delaware PA,42045,7
Montgomery PA,42091,7
Providence RI,44007,7
Charleston SC,45019,7
Greenville SC,45045,7
Hamilton TN,47065,7
Gregg TX,48183,7
Smith TX,48423,7
Arlington VA,51013,7
Fairfax VA,51059,7
Henrico VA,51087,7
Loudoun VA,51107,7
Alexandria city VA,51510,7
Fairfax city VA,51600,7
Falls Church city VA,51610,7
Manassas city VA,51683,7
Manassas Park city VA,51685,7
Clark WA,53011,7
Pierce WA,53053,7
Snohomish WA,53061,7
Santa Cruz AZ,04023,8
Yuma AZ,04027,8
Sevier AR,05133,8
Yell AR,05149,8
Colusa CA,06011,8
Fresno CA,06019,8
Glenn CA,06021,8
Imperial CA,06025,8
Kern CA,06029,8
Kings CA,06031,8
Madera CA,06039,8
Merced CA,06047,8
Monterey CA,06053,8
San Benito CA,06069,8
San Joaquin CA,06077,8
Stanislaus CA,06099,8
Sutter CA,06101,8
Tulare CA,06107,8
Conejos CO,08021,8
Costilla CO,08023,8
Kit Carson CO,08063,8
Phillips CO,08095,8
Rio Grande CO,08105,8
Saguache CO,08109,8
Yuma CO,08125,8
DeSoto FL,12027,8
Hardee FL,12049,8
Hendry FL,12051,8
Osceola FL,12097,8
Atkinson GA,13003,8
Echols GA,13101,8
Hall GA,13139,8
Whitfield GA,13313,8
Cassia ID,16031,8
Clark ID,16033,8
Gooding ID,16047,8
Jerome ID,16053,8
Minidoka ID,16067,8
Owyhee ID,16073,8
Power ID,16077,8
Cass IL,17017,8
Buena Vista IA,19021,8
Crawford IA,19047,8
Finney KS,20055,8
Ford KS,20057,8
Grant KS,20067,8
Hamilton KS,20075,8
Haskell KS,20081,8
Kearny KS,20093,8
Seward KS,20175,8
Stanton KS,20187,8
Stevens KS,20189,8
Wichita KS,20203,8
Nobles MN,27105,8
Watonwan MN,27165,8
Sullivan MO,29211,8
Colfax NE,31037,8
Dakota NE,31043,8
Dawson NE,31047,8
Saline NE,31151,8
Cumberland NJ,34011,8
Chaves NM,35005,8
Cibola NM,35006,8
Dona Ana NM,35013,8
Eddy NM,35015,8
Guadalupe NM,35019,8
Hidalgo NM,35023,8
Lea NM,35025,8
Luna NM,35029,8
Rio Arriba NM,35039,8
San Miguel NM,35047,8
Socorro NM,35053,8
Taos NM,35055,8
Union NM,35059,8
Valencia NM,35061,8
Texas OK,40139,8
Hood River OR,41027,8
Morrow OR,41049,8
Andrews TX,48003,8
Atascosa TX,48013,8
Bailey TX,48017,8
Bee TX,48025,8
Brooks TX,48047,8
Caldwell TX,48055,8
Calhoun TX,48057,8
Cameron TX,48061,8
Castro TX,48069,8
Cochran TX,48079,8
Collingsworth TX,48087,8
Concho TX,48095,8
Crane TX,48103,8
Crosby TX,48107,8
Culberson TX,48109,8
Dallam TX,48111,8
Deaf Smith TX,48117,8
Dimmit TX,48127,8
Duval TX,48131,8
Ector TX,48135,8
Edwards TX,48137,8
El Paso TX,48141,8
Floyd TX,48153,8
Frio TX,48163,8
Gaines TX,48165,8
Garza TX,48169,8
Gonzales TX,48177,8
Hale TX,48189,8
Hall TX,48191,8
Hansford TX,48195,8
Hidalgo TX,48215,8
Hockley TX,48219,8
Hudspeth TX,48229,8
Jim Hogg TX,48247,8
Jim Wells TX,48249,8
Kenedy TX,48261,8
Kinney TX,48271,8
Kleberg TX,48273,8
Lamb TX,48279,8
La Salle TX,48283,8
Lipscomb TX,48295,8
Lynn TX,48305,8
Martin TX,48317,8
Matagorda TX,48321,8
Maverick TX,48323,8
Medina TX,48325,8
Midland TX,48329,8
Moore TX,48341,8
Nueces TX,48355,8
Ochiltree TX,48357,8
Parmer TX,48369,8
Pecos TX,48371,8
Potter TX,48375,8
Presidio TX,48377,8
Reagan TX,48383,8
Reeves TX,48389,8
Refugio TX,48391,8
San Patricio TX,48409,8
Schleicher TX,48413,8
Scurry TX,48415,8
Sherman TX,48421,8
Starr TX,48427,8
Sterling TX,48431,8
Sutton TX,48435,8
Swisher TX,48437,8
Titus TX,48449,8
Upton TX,48461,8
Uvalde TX,48463,8
Val Verde TX,48465,8
Victoria TX,48469,8
Waller TX,48473,8
Ward TX,48475,8
Webb TX,48479,8
Wharton TX,48481,8
Willacy TX,48489,8
Yoakum TX,48501,8
Zapata TX,48505,8
Zavala TX,48507,8
Adams WA,53001,8
Douglas WA,53017,8
Franklin WA,53021,8
Grant WA,53025,8
Yakima WA,53077,8
Aleutians East Borough AK,02013,9
Aleutians West Census Area AK,02016,9
Bethel Census Area AK,02050,9
Dillingham Census Area AK,02070,9
Lake and Peninsula Borough AK,02164,9
Nome Census Area AK,02180,9
North Slope Borough AK,02185,9
Northwest Arctic Borough AK,02188,9
Wade Hampton Census Area AK,02270,9
Yukon-Koyukuk Census Area AK,02290,9
Apache AZ,04001,9
Graham AZ,04009,9
Navajo AZ,04017,9
Mahnomen MN,27087,9
Big Horn MT,30003,9
Blaine MT,30005,9
Chouteau MT,30015,9
Glacier MT,30035,9
Roosevelt MT,30085,9
Rosebud MT,30087,9
Thurston NE,31173,9
Mineral NV,32021,9
McKinley NM,35031,9
San Juan NM,35045,9
Robeson NC,37155,9
Benson ND,38005,9
Rolette ND,38079,9
Sioux ND,38085,9
Adair OK,40001,9
Bennett SD,46007,9
Buffalo SD,46017,9
Charles Mix SD,46023,9
Corson SD,46031,9
Dewey SD,46041,9
Jackson SD,46071,9
Lyman SD,46085,9
Mellette SD,46095,9
Roberts SD,46109,9
Shannon SD,46113,9
Todd SD,46121,9
Ziebach SD,46137,9
San Juan UT,49037,9
Menominee WI,55078,9
Petersburg Census Area ,02195,10
Wrangell City and Borough ,02275,10
Madison AR,05087,10
Baca CO,08009,10
Cheyenne CO,08017,10
Logan CO,08075,10
Washington CO,08121,10
Dade GA,13083,10
Nez Perce ID,16069,10
Bond IL,17005,10
Bureau IL,17011,10
Carroll IL,17015,10
Christian IL,17021,10
Clinton IL,17027,10
Crawford IL,17033,10
Cumberland IL,17035,10
De Witt IL,17039,10
Douglas IL,17041,10
Edgar IL,17045,10
Effingham IL,17049,10
Fayette IL,17051,10
Ford IL,17053,10
Fulton IL,17057,10
Greene IL,17061,10
Hancock IL,17067,10
Henry IL,17073,10
Iroquois IL,17075,10
Jasper IL,17079,10
Jersey IL,17083,10
Kankakee IL,17091,10
Knox IL,17095,10
La Salle IL,17099,10
Lawrence IL,17101,10
Lee IL,17103,10
Livingston IL,17105,10
Logan IL,17107,10
Macon IL,17115,10
Macoupin IL,17117,10
Marshall IL,17123,10
Mason IL,17125,10
Menard IL,17129,10
Mercer IL,17131,10
Monroe IL,17133,10
Montgomery IL,17135,10
Morgan IL,17137,10
Moultrie IL,17139,10
Ogle IL,17141,10
Piatt IL,17147,10
Putnam IL,17155,10
Richland IL,17159,10
Schuyler IL,17169,10
Scott IL,17171,10
Shelby IL,17173,10
Stark IL,17175,10
Tazewell IL,17179,10
Vermilion IL,17183,10
Wabash IL,17185,10
Warren IL,17187,10
Washington IL,17189,10
Whiteside IL,17195,10
Woodford IL,17203,10
Bartholomew IN,18005,10
Benton IN,18007,10
Blackford IN,18009,10
Boone IN,18011,10
Carroll IN,18015,10
Cass IN,18017,10
Clay IN,18021,10
Clinton IN,18023,10
Dearborn IN,18029,10
Decatur IN,18031,10
De Kalb IN,18033,10
Dubois IN,18037,10
Fayette IN,18041,10
Fountain IN,18045,10
Franklin IN,18047,10
Fulton IN,18049,10
Gibson IN,18051,10
Grant IN,18053,10
Greene IN,18055,10
Harrison IN,18061,10
Henry IN,18065,10
Huntington IN,18069,10
Jackson IN,18071,10
Jasper IN,18073,10
Jay IN,18075,10
Jefferson IN,18077,10
Knox IN,18083,10
Kosciusko IN,18085,10
La Porte IN,18091,10
Lawrence IN,18093,10
Marshall IN,18099,10
Martin IN,18101,10
Miami IN,18103,10
Montgomery IN,18107,10
Morgan IN,18109,10
Newton IN,18111,10
Noble IN,18113,10
Ohio IN,18115,10
Perry IN,18123,10
Pike IN,18125,10
Posey IN,18129,10
Pulaski IN,18131,10
Putnam IN,18133,10
Randolph IN,18135,10
Ripley IN,18137,10
Rush IN,18139,10
Spencer IN,18147,10
Tipton IN,18159,10
Union IN,18161,10
Vermillion IN,18165,10
Wabash IN,18169,10
Warren IN,18171,10
Warrick IN,18173,10
Wayne IN,18177,10
Wells IN,18179,10
Whitley IN,18183,10
Adair IA,19001,10
Adams IA,19003,10
Benton IA,19011,10
Boone IA,19015,10
Bremer IA,19017,10
Buchanan IA,19019,10
Butler IA,19023,10
Carroll IA,19027,10
Cass IA,19029,10
Cedar IA,19031,10
Cerro Gordo IA,19033,10
Chickasaw IA,19037,10
Clarke IA,19039,10
Clay IA,19041,10
Clayton IA,19043,10
Clinton IA,19045,10
Decatur IA,19053,10
Delaware IA,19055,10
Des Moines IA,19057,10
Dubuque IA,19061,10
Emmet IA,19063,10
Fayette IA,19065,10
Floyd IA,19067,10
Franklin IA,19069,10
Fremont IA,19071,10
Greene IA,19073,10
Grundy IA,19075,10
Guthrie IA,19077,10
Hamilton IA,19079,10
Hancock IA,19081,10
Hardin IA,19083,10
Harrison IA,19085,10
Henry IA,19087,10
Howard IA,19089,10
Humboldt IA,19091,10
Ida IA,19093,10
Iowa IA,19095,10
Jackson IA,19097,10
Jasper IA,19099,10
Jefferson IA,19101,10
Jones IA,19105,10
Keokuk IA,19107,10
Lee IA,19111,10
Louisa IA,19115,10
Lucas IA,19117,10
Lyon IA,19119,10
Madison IA,19121,10
Mahaska IA,19123,10
Marion IA,19125,10
Marshall IA,19127,10
Mills IA,19129,10
Mitchell IA,19131,10
Monona IA,19133,10
Monroe IA,19135,10
Montgomery IA,19137,10
Muscatine IA,19139,10
OBrien IA,19141,10
Osceola IA,19143,10
Page IA,19145,10
Palo Alto IA,19147,10
Plymouth IA,19149,10
Pocahontas IA,19151,10
Pottawattamie IA,19155,10
Poweshiek IA,19157,10
Shelby IA,19165,10
Sioux IA,19167,10
Tama IA,19171,10
Taylor IA,19173,10
Union IA,19175,10
Van Buren IA,19177,10
Wapello IA,19179,10
Warren IA,19181,10
Washington IA,19183,10
Webster IA,19187,10
Winnebago IA,19189,10
Winneshiek IA,19191,10
Woodbury IA,19193,10
Worth IA,19195,10
Wright IA,19197,10
Allen KS,20001,10
Anderson KS,20003,10
Atchison KS,20005,10
Barber KS,20007,10
Barton KS,20009,10
Bourbon KS,20011,10
Brown KS,20013,10
Butler KS,20015,10
Cherokee KS,20021,10
Clark KS,20025,10
Clay KS,20027,10
Cloud KS,20029,10
Coffey KS,20031,10
Dickinson KS,20041,10
Doniphan KS,20043,10
Edwards KS,20047,10
Ellsworth KS,20053,10
Franklin KS,20059,10
Gray KS,20069,10
Greeley KS,20071,10
Harper KS,20077,10
Harvey KS,20079,10
Jackson KS,20085,10
Jefferson KS,20087,10
Kingman KS,20095,10
Kiowa KS,20097,10
Linn KS,20107,10
McPherson KS,20113,10
Marion KS,20115,10
Marshall KS,20117,10
Meade KS,20119,10
Miami KS,20121,10
Mitchell KS,20123,10
Morris KS,20127,10
Morton KS,20129,10
Nemaha KS,20131,10
Neosho KS,20133,10
Norton KS,20137,10
Osage KS,20139,10
Ottawa KS,20143,10
Pawnee KS,20145,10
Pottawatomie KS,20149,10
Pratt KS,20151,10
Reno KS,20155,10
Rice KS,20159,10
Rooks KS,20163,10
Saline KS,20169,10
Sherman KS,20181,10
Sumner KS,20191,10
Thomas KS,20193,10
Wabaunsee KS,20197,10
Fleming KY,21069,10
Greenup KY,21089,10
Trimble KY,21223,10
Woodford KY,21239,10
Kennebec ME,23011,10
Penobscot ME,23019,10
Sagadahoc ME,23023,10
York ME,23031,10
Allegany MD,24001,10
Berkshire MA,25003,10
Franklin MA,25011,10
Allegan MI,26005,10
Alpena MI,26007,10
Barry MI,26015,10
Bay MI,26017,10
Berrien MI,26021,10
Calhoun MI,26025,10
Delta MI,26041,10
Dickinson MI,26043,10
Eaton MI,26045,10
Emmet MI,26047,10
Grand Traverse MI,26055,10
Gratiot MI,26057,10
Lapeer MI,26087,10
Marquette MI,26103,10
Menominee MI,26109,10
Midland MI,26111,10
Muskegon MI,26121,10
Ottawa MI,26139,10
Tuscola MI,26157,10
Benton MN,27009,10
Brown MN,27015,10
Carlton MN,27017,10
Chippewa MN,27023,10
Cottonwood MN,27033,10
Dodge MN,27039,10
Faribault MN,27043,10
Fillmore MN,27045,10
Freeborn MN,27047,10
Goodhue MN,27049,10
Grant MN,27051,10
Houston MN,27055,10
Jackson MN,27063,10
Kandiyohi MN,27067,10
Le Sueur MN,27079,10
Lyon MN,27083,10
McLeod MN,27085,10
Marshall MN,27089,10
Martin MN,27091,10
Meeker MN,27093,10
Morrison MN,27097,10
Mower MN,27099,10
Murray MN,27101,10
Pennington MN,27113,10
Pipestone MN,27117,10
Polk MN,27119,10
Red Lake MN,27125,10
Redwood MN,27127,10
Renville MN,27129,10
Rock MN,27133,10
Roseau MN,27135,10
St. Louis MN,27137,10
Sibley MN,27143,10
Steele MN,27147,10
Todd MN,27153,10
Wabasha MN,27157,10
Waseca MN,27161,10
Wilkin MN,27167,10
Yellow Medicine MN,27173,10
Andrew MO,29003,10
Audrain MO,29007,10
Barton MO,29011,10
Bates MO,29013,10
Bollinger MO,29017,10
Caldwell MO,29025,10
Clark MO,29045,10
Franklin MO,29071,10
Howell MO,29091,10
Marion MO,29127,10
Osage MO,29151,10
Perry MO,29157,10
Polk MO,29167,10
Putnam MO,29171,10
Ralls MO,29173,10
Ray MO,29177,10
Scotland MO,29199,10
Custer MT,30017,10
Dawson MT,30021,10
Fergus MT,30027,10
Pondera MT,30073,10
Silver Bow MT,30093,10
Teton MT,30099,10
Toole MT,30101,10
Valley MT,30105,10
Yellowstone MT,30111,10
Adams NE,31001,10
Antelope NE,31003,10
Boone NE,31011,10
Box Butte NE,31013,10
Butler NE,31023,10
Cass NE,31025,10
Cedar NE,31027,10
Cherry NE,31031,10
Cheyenne NE,31033,10
Clay NE,31035,10
Cuming NE,31039,10
Custer NE,31041,10
Dixon NE,31051,10
Dodge NE,31053,10
Fillmore NE,31059,10
Gage NE,31067,10
Hall NE,31079,10
Hamilton NE,31081,10
Hitchcock NE,31087,10
Holt NE,31089,10
Howard NE,31093,10
Kearney NE,31099,10
Kimball NE,31105,10
Lincoln NE,31111,10
Madison NE,31119,10
Merrick NE,31121,10
Nemaha NE,31127,10
Otoe NE,31131,10
Perkins NE,31135,10
Phelps NE,31137,10
Pierce NE,31139,10
Platte NE,31141,10
Polk NE,31143,10
Red Willow NE,31145,10
Richardson NE,31147,10
Saunders NE,31155,10
Scotts Bluff NE,31157,10
Seward NE,31159,10
Stanton NE,31167,10
Washington NE,31177,10
York NE,31185,10
Belknap NH,33001,10
Grafton NH,33009,10
Sullivan NH,33019,10
Allegany NY,36003,10
Cattaraugus NY,36009,10
Cayuga NY,36011,10
Chautauqua NY,36013,10
Chenango NY,36017,10
Columbia NY,36021,10
Cortland NY,36023,10
Fulton NY,36035,10
Genesee NY,36037,10
Herkimer NY,36043,10
Livingston NY,36051,10
Madison NY,36053,10
Montgomery NY,36057,10
Niagara NY,36063,10
Oneida NY,36065,10
Ontario NY,36069,10
Orleans NY,36073,10
Oswego NY,36075,10
Otsego NY,36077,10
Schoharie NY,36095,10
Seneca NY,36099,10
Steuben NY,36101,10
Tioga NY,36107,10
Warren NY,36113,10
Washington NY,36115,10
Wayne NY,36117,10
Wyoming NY,36121,10
Yates NY,36123,10
Davie NC,37059,10
Stokes NC,37169,10
Barnes ND,38003,10
Dickey ND,38021,10
McKenzie ND,38053,10
Morton ND,38059,10
Oliver ND,38065,10
Pembina ND,38067,10
Ramsey ND,38071,10
Richland ND,38077,10
Stark ND,38089,10
Stutsman ND,38093,10
Traill ND,38097,10
Ashland OH,39005,10
Ashtabula OH,39007,10
Auglaize OH,39011,10
Belmont OH,39013,10
Carroll OH,39019,10
Columbiana OH,39029,10
Coshocton OH,39031,10
Crawford OH,39033,10
Darke OH,39037,10
Defiance OH,39039,10
Erie OH,39043,10
Fayette OH,39047,10
Fulton OH,39051,10
Gallia OH,39053,10
Guernsey OH,39059,10
Hancock OH,39063,10
Hardin OH,39065,10
Henry OH,39069,10
Jefferson OH,39081,10
Knox OH,39083,10
Madison OH,39097,10
Marion OH,39101,10
Mercer OH,39107,10
Morrow OH,39117,10
Muskingum OH,39119,10
Paulding OH,39125,10
Pickaway OH,39129,10
Preble OH,39135,10
Putnam OH,39137,10
Sandusky OH,39143,10
Seneca OH,39147,10
Shelby OH,39149,10
Tuscarawas OH,39157,10
Van Wert OH,39161,10
Washington OH,39167,10
Wayne OH,39169,10
Williams OH,39171,10
Wyandot OH,39175,10
Blaine OK,40011,10
Garfield OK,40047,10
Greer OK,40055,10
Columbia OR,41009,10
Deschutes OR,41017,10
Sherman OR,41055,10
Adams PA,42001,10
Armstrong PA,42005,10
Bedford PA,42009,10
Bradford PA,42015,10
Cambria PA,42021,10
Clarion PA,42031,10
Clearfield PA,42033,10
Clinton PA,42035,10
Columbia PA,42037,10
Crawford PA,42039,10
Elk PA,42047,10
Erie PA,42049,10
Fayette PA,42051,10
Franklin PA,42055,10
Fulton PA,42057,10
Indiana PA,42063,10
Jefferson PA,42065,10
Juniata PA,42067,10
Lycoming PA,42081,10
Mc Kean PA,42083,10
Mercer PA,42085,10
Mifflin PA,42087,10
Montour PA,42093,10
Northumberland PA,42097,10
Perry PA,42099,10
Schuylkill PA,42107,10
Snyder PA,42109,10
Somerset PA,42111,10
Susquehanna PA,42115,10
Tioga PA,42117,10
Union PA,42119,10
Venango PA,42121,10
Wyoming PA,42131,10
Aurora SD,46003,10
Beadle SD,46005,10
Bon Homme SD,46009,10
Brown SD,46013,10
Brule SD,46015,10
Codington SD,46029,10
Davison SD,46035,10
Deuel SD,46039,10
Edmunds SD,46045,10
Grant SD,46051,10
Hamlin SD,46057,10
Hanson SD,46061,10
Hughes SD,46065,10
Lake SD,46079,10
Lawrence SD,46081,10
McCook SD,46087,10
Minnehaha SD,46099,10
Moody SD,46101,10
Sanborn SD,46111,10
Stanley SD,46117,10
Sully SD,46119,10
Tripp SD,46123,10
Turner SD,46125,10
Union SD,46127,10
Yankton SD,46135,10
Maury TN,47119,10
Overton TN,47133,10
Hartley TX,48205,10
Oldham TX,48359,10
Roberts TX,48393,10
Somervell TX,48425,10
Wheeler TX,48483,10
Addison VT,50001,10
Bennington VT,50003,10
Caledonia VT,50005,10
Franklin VT,50011,10
Lamoille VT,50015,10
Orange VT,50017,10
Rutland VT,50021,10
Washington VT,50023,10
Windham VT,50025,10
Windsor VT,50027,10
Alleghany VA,51005,10
Augusta VA,51015,10
Bedford VA,51019,10
Botetourt VA,51023,10
Craig VA,51045,10
Giles VA,51071,10
Gloucester VA,51073,10
Pulaski VA,51155,10
Rockingham VA,51165,10
Shenandoah VA,51171,10
Smyth VA,51173,10
Wythe VA,51197,10
Asotin WA,53003,10
Lincoln WA,53043,10
Grant WV,54023,10
Kanawha WV,54039,10
Marshall WV,54051,10
Mineral WV,54057,10
Putnam WV,54079,10
Upshur WV,54097,10
Ashland WI,55003,10
Buffalo WI,55011,10
Calumet WI,55015,10
Chippewa WI,55017,10
Clark WI,55019,10
Columbia WI,55021,10
Crawford WI,55023,10
Dodge WI,55027,10
Douglas WI,55031,10
Fond du Lac WI,55039,10
Grant WI,55043,10
Green WI,55045,10
Iowa WI,55049,10
Jackson WI,55053,10
Jefferson WI,55055,10
Kewaunee WI,55061,10
Lafayette WI,55065,10
Manitowoc WI,55071,10
Marathon WI,55073,10
Monroe WI,55081,10
Pepin WI,55091,10
Richland WI,55103,10
Sauk WI,55111,10
Sheboygan WI,55117,10
Taylor WI,55119,10
Trempealeau WI,55121,10
Vernon WI,55123,10
Wood WI,55141,10
Goshen WY,56015,10
Hot Springs WY,56017,10
Natrona WY,56025,10
Niobrara WY,56027,10
Platte WY,56031,10
Coconino AZ,04005,11
Clark AR,05019,11
Craighead AR,05031,11
Faulkner AR,05045,11
Washington AR,05143,11
Butte CA,06007,11
Humboldt CA,06023,11
San Luis Obispo CA,06079,11
Shasta CA,06089,11
Boulder CO,08013,11
Gunnison CO,08051,11
La Plata CO,08067,11
Larimer CO,08069,11
Tolland CT,09013,11
Alachua FL,12001,11
Leon FL,12073,11
Carroll GA,13045,11
Clarke GA,13059,11
Latah ID,16057,11
Champaign IL,17019,11
Coles IL,17029,11
DeKalb IL,17037,11
Jackson IL,17077,11
McDonough IL,17109,11
McLean IL,17113,11
Sangamon IL,17167,11
Delaware IN,18035,11
Monroe IN,18105,11
Tippecanoe IN,18157,11
Johnson IA,19103,11
Story IA,19169,11
Crawford KS,20037,11
Douglas KS,20045,11
Ellis KS,20051,11
Lyon KS,20111,11
Riley KS,20161,11
Shawnee KS,20177,11
Calloway KY,21035,11
Fayette KY,21067,11
Franklin KY,21073,11
Madison KY,21151,11
Rowan KY,21205,11
Warren KY,21227,11
Cumberland ME,23005,11
Somerset MD,24039,11
Wicomico MD,24045,11
Hampshire MA,25015,11
Houghton MI,26061,11
Ingham MI,26065,11
Isabella MI,26073,11
Kalamazoo MI,26077,11
Mecosta MI,26107,11
Washtenaw MI,26161,11
Beltrami MN,27007,11
Blue Earth MN,27013,11
Clay MN,27027,11
Nicollet MN,27103,11
Rice MN,27131,11
Stearns MN,27145,11
Stevens MN,27149,11
Winona MN,27169,11
Lafayette MS,28071,11
Oktibbeha MS,28105,11
Adair MO,29001,11
Boone MO,29019,11
Cape Girardeau MO,29031,11
Cole MO,29051,11
Greene MO,29077,11
Nodaway MO,29147,11
Phelps MO,29161,11
Beaverhead MT,30001,11
Gallatin MT,30031,11
Lewis and Clark MT,30049,11
Missoula MT,30063,11
Buffalo NE,31019,11
Dawes NE,31045,11
Lancaster NE,31109,11
Wayne NE,31179,11
Cheshire NH,33005,11
Strafford NH,33017,11
Albany NY,36001,11
Dutchess NY,36027,11
Rensselaer NY,36083,11
Schenectady NY,36093,11
Tompkins NY,36109,11
Ulster NY,36111,11
Buncombe NC,37021,11
Jackson NC,37099,11
New Hanover NC,37129,11
Orange NC,37135,11
Watauga NC,37189,11
Burleigh ND,38015,11
Cass ND,38017,11
Grand Forks ND,38035,11
Athens OH,39009,11
Greene OH,39057,11
Wood OH,39173,11
Cherokee OK,40021,11
Cleveland OK,40027,11
Custer OK,40039,11
Payne OK,40119,11
Pontotoc OK,40123,11
Woods OK,40151,11
Benton OR,41003,11
Jackson OR,41029,11
Lane OR,41039,11
Polk OR,41053,11
Centre PA,42027,11
Cumberland PA,42041,11
Dauphin PA,42043,11
Bristol RI,44001,11
Newport RI,44005,11
Washington RI,44009,11
Pickens SC,45077,11
Brookings SD,46011,11
Clay SD,46027,11
Knox TN,47093,11
Putnam TN,47141,11
Washington TN,47179,11
Brazos TX,48041,11
Erath TX,48143,11
Lubbock TX,48303,11
McLennan TX,48309,11
Nacogdoches TX,48347,11
Randall TX,48381,11
Walker TX,48471,11
Chittenden VT,50007,11
Albemarle VA,51003,11
Montgomery VA,51121,11
Prince Edward VA,51147,11
Charlottesville city VA,51540,11
Fredericksburg city VA,51630,11
Harrisonburg city VA,51660,11
Lexington city VA,51678,11
Lynchburg city VA,51680,11
Radford city VA,51750,11
Salem city VA,51775,11
Staunton city VA,51790,11
Williamsburg city VA,51830,11
Winchester city VA,51840,11
Kittitas WA,53037,11
Spokane WA,53063,11
Walla Walla WA,53071,11
Whatcom WA,53073,11
Whitman WA,53075,11
Gilmer WV,54021,11
Monongalia WV,54061,11
Dane WI,55025,11
Dunn WI,55033,11
Eau Claire WI,55035,11
La Crosse WI,55063,11
Pierce WI,55093,11
Portage WI,55097,11
Albany WY,56001,11
Bannock ID,16005,12
Bear Lake ID,16007,12
Bingham ID,16011,12
Bonneville ID,16019,12
Butte ID,16023,12
Caribou ID,16029,12
Franklin ID,16041,12
Fremont ID,16043,12
Jefferson ID,16051,12
Madison ID,16065,12
Oneida ID,16071,12
Lincoln NV,32017,12
Beaver UT,49001,12
Box Elder UT,49003,12
Cache UT,49005,12
Carbon UT,49007,12
Daggett UT,49009,12
Davis UT,49011,12
Duchesne UT,49013,12
Emery UT,49015,12
Garfield UT,49017,12
Iron UT,49021,12
Juab UT,49023,12
Kane UT,49025,12
Millard UT,49027,12
Morgan UT,49029,12
Piute UT,49031,12
Rich UT,49033,12
Salt Lake UT,49035,12
Sanpete UT,49039,12
Sevier UT,49041,12
Tooele UT,49045,12
Uintah UT,49047,12
Utah UT,49049,12
Wasatch UT,49051,12
Washington UT,49053,12
Wayne UT,49055,12
Weber UT,49057,12
Big Horn WY,56003,12
Lincoln WY,56023,12
Uinta WY,56041,12
Audubon IA,19009,13
Calhoun IA,19025,13
Cherokee IA,19035,13
Davis IA,19051,13
Kossuth IA,19109,13
Ringgold IA,19159,13
Sac IA,19161,13
Cheyenne KS,20023,13
Comanche KS,20033,13
Decatur KS,20039,13
Gove KS,20063,13
Graham KS,20065,13
Hodgeman KS,20083,13
Jewell KS,20089,13
Lane KS,20101,13
Logan KS,20109,13
Ness KS,20135,13
Osborne KS,20141,13
Phillips KS,20147,13
Rawlins KS,20153,13
Republic KS,20157,13
Rush KS,20165,13
Russell KS,20167,13
Scott KS,20171,13
Sheridan KS,20179,13
Smith KS,20183,13
Stafford KS,20185,13
Trego KS,20195,13
Wallace KS,20199,13
Washington KS,20201,13
Robertson KY,21201,13
Big Stone MN,27011,13
Kittson MN,27069,13
Lac qui Parle MN,27073,13
Lincoln MN,27081,13
Norman MN,27107,13
Swift MN,27151,13
Traverse MN,27155,13
Atchison MO,29005,13
Chariton MO,29041,13
Holt MO,29087,13
Knox MO,29103,13
Mercer MO,29129,13
Worth MO,29227,13
Carter MT,30011,13
Daniels MT,30019,13
Fallon MT,30025,13
Garfield MT,30033,13
Judith Basin MT,30045,13
Liberty MT,30051,13
McCone MT,30055,13
Petroleum MT,30069,13
Phillips MT,30071,13
Powder River MT,30075,13
Prairie MT,30079,13
Sheridan MT,30091,13
Treasure MT,30103,13
Wheatland MT,30107,13
Wibaux MT,30109,13
Arthur NE,31005,13
Banner NE,31007,13
Blaine NE,31009,13
Boyd NE,31015,13
Brown NE,31017,13
Burt NE,31021,13
Chase NE,31029,13
Deuel NE,31049,13
Dundy NE,31057,13
Franklin NE,31061,13
Frontier NE,31063,13
Furnas NE,31065,13
Garden NE,31069,13
Garfield NE,31071,13
Grant NE,31075,13
Greeley NE,31077,13
Harlan NE,31083,13
Hayes NE,31085,13
Hooker NE,31091,13
Jefferson NE,31095,13
Keith NE,31101,13
Keya Paha NE,31103,13
Knox NE,31107,13
Logan NE,31113,13
Loup NE,31115,13
McPherson NE,31117,13
Nance NE,31125,13
Nuckolls NE,31129,13
Pawnee NE,31133,13
Rock NE,31149,13
Sheridan NE,31161,13
Sherman NE,31163,13
Sioux NE,31165,13
Thayer NE,31169,13
Thomas NE,31171,13
Valley NE,31175,13
Webster NE,31181,13
Wheeler NE,31183,13
Eureka NV,32011,13
Adams ND,38001,13
Billings ND,38007,13
Bottineau ND,38009,13
Bowman ND,38011,13
Burke ND,38013,13
Cavalier ND,38019,13
Divide ND,38023,13
Dunn ND,38025,13
Eddy ND,38027,13
Emmons ND,38029,13
Foster ND,38031,13
Golden Valley ND,38033,13
Grant ND,38037,13
Griggs ND,38039,13
Hettinger ND,38041,13
Kidder ND,38043,13
LaMoure ND,38045,13
Logan ND,38047,13
McHenry ND,38049,13
McIntosh ND,38051,13
McLean ND,38055,13
Nelson ND,38063,13
Pierce ND,38069,13
Ransom ND,38073,13
Renville ND,38075,13
Sargent ND,38081,13
Sheridan ND,38083,13
Slope ND,38087,13
Steele ND,38091,13
Towner ND,38095,13
Walsh ND,38099,13
Wells ND,38103,13
Alfalfa OK,40003,13
Grant OK,40053,13
Campbell SD,46021,13
Clark SD,46025,13
Day SD,46037,13
Douglas SD,46043,13
Faulk SD,46049,13
Gregory SD,46053,13
Haakon SD,46055,13
Hand SD,46059,13
Harding SD,46063,13
Hutchinson SD,46067,13
Hyde SD,46069,13
Jerauld SD,46073,13
Jones SD,46075,13
Kingsbury SD,46077,13
McPherson SD,46089,13
Marshall SD,46091,13
Miner SD,46097,13
Perkins SD,46105,13
Potter SD,46107,13
Spink SD,46115,13
Walworth SD,46129,13
Borden TX,48033,13
Comanche TX,48093,13
Glasscock TX,48173,13
Irion TX,48235,13
King TX,48269,13
Mason TX,48319,13
Stonewall TX,48433,13
Garfield WA,53023,13
Maricopa AZ,04013,14
Alameda CA,06001,14
Los Angeles CA,06037,14
Sacramento CA,06067,14
San Diego CA,06073,14
San Francisco CA,06075,14
Santa Clara CA,06085,14
Denver CO,08031,14
District of Columbia DC,11001,14
Duval FL,12031,14
Miami-Dade FL,12086,14
Fulton GA,13121,14
Cook IL,17031,14
Marion IN,18097,14
Sedgwick KS,20173,14
Jefferson KY,21111,14
Baltimore city MD,24510,14
Suffolk MA,25025,14
Wayne MI,26163,14
Hennepin MN,27053,14
Ramsey MN,27123,14
Jackson MO,29095,14
St. Louis city MO,29510,14
Douglas NE,31055,14
Clark NV,32003,14
Bernalillo NM,35001,14
Bronx NY,36005,14
Kings NY,36047,14
New York NY,36061,14
Queens NY,36081,14
Richmond NY,36085,14
Mecklenburg NC,37119,14
Wake NC,37183,14
Cuyahoga OH,39035,14
Franklin OH,39049,14
Oklahoma OK,40109,14
Tulsa OK,40143,14
Multnomah OR,41051,14
Philadelphia PA,42101,14
Davidson TN,47037,14
Bexar TX,48029,14
Dallas TX,48113,14
Harris TX,48201,14
Tarrant TX,48439,14
Travis TX,48453,14
King WA,53033,14
Milwaukee WI,55079,14
Windham CT,09015,15
Madison IL,17119,15
Peoria IL,17143,15
Rock Island IL,17161,15
Winnebago IL,17201,15
Clark IN,18019,15
Floyd IN,18043,15
Howard IN,18067,15
Lake IN,18089,15
Madison IN,18095,15
Porter IN,18127,15
St. Joseph IN,18141,15
Vanderburgh IN,18163,15
Vigo IN,18167,15
Black Hawk IA,19013,15
Linn IA,19113,15
Scott IA,19163,15
Campbell KY,21037,15
Kenton KY,21117,15
Jefferson Parish LA,22051,15
Androscoggin ME,23001,15
Washington MD,24043,15
Genesee MI,26049,15
Jackson MI,26075,15
Livingston MI,26093,15
Macomb MI,26099,15
Monroe MI,26115,15
Saginaw MI,26145,15
Buchanan MO,29021,15
Ocean NJ,34029,15
Broome NY,36007,15
Chemung NY,36015,15
Alamance NC,37001,15
Allen OH,39003,15
Butler OH,39017,15
Clark OH,39023,15
Clermont OH,39025,15
Fairfield OH,39045,15
Geauga OH,39055,15
Lake OH,39085,15
Licking OH,39089,15
Lorain OH,39093,15
Mahoning OH,39099,15
Medina OH,39103,15
Miami OH,39109,15
Portage OH,39133,15
Richland OH,39139,15
Stark OH,39151,15
Summit OH,39153,15
Trumbull OH,39155,15
Beaver PA,42007,15
Berks PA,42011,15
Blair PA,42013,15
Butler PA,42019,15
Lackawanna PA,42069,15
Lancaster PA,42071,15
Lawrence PA,42073,15
Lebanon PA,42075,15
Lehigh PA,42077,15
Luzerne PA,42079,15
Northampton PA,42095,15
Washington PA,42125,15
Westmoreland PA,42129,15
York PA,42133,15
Kent RI,44003,15
Brooke WV,54009,15
Cabell WV,54011,15
Hancock WV,54029,15
Ohio WV,54069,15
Wood WV,54107,15
Brown WI,55009,15
Kenosha WI,55059,15
Outagamie WI,55087,15
Racine WI,55101,15
Rock WI,55105,15
Washington WI,55131,15
Winnebago WI,55139,15
